{"mean": -0.0014944148981790321, "std": 0.0010836029330162811}