{"mean": -0.0015286701871961073, "std": 0.0010890889641507052}